RegionID,SizeRank,RegionName,STATE,RegionType,StateName,3/31/2018,3/31/2019,3/31/2020,3/31/2021,3/31/2022,3/31/2023
102001,0,United States,,country,,440205,459277,476365,531132,626292,634323
394913,1,New York, NY,msa,NY,747283,778972,796005,841538,932638,950897
753899,2,Los Angeles, CA,msa,CA,1062302,1118259,1151957,1260133,1514660,1475178
394463,3,Chicago, IL,msa,IL,390772,393919,393570,419975,460921,468498
394514,4,Dallas, TX,msa,TX,406874,415222,426361,469883,578203,593395
394692,5,Houston, TX,msa,TX,352901,361996,371257,402063,471220,490112
395209,6,Washington, DC,msa,VA,674950,694786,720958,789335,869702,868035
394974,7,Philadelphia, PA,msa,PA,398100,407583,418705,464839,517717,543240
394856,8,Miami, FL,msa,FL,482032,501916,515012,564207,722036,793516
394347,9,Atlanta, GA,msa,GA,381068,399525,412220,454781,550021,570586
394404,10,Boston, MA,msa,MA,746028,770951,788448,865862,968243,973998
394976,11,Phoenix, AZ,msa,AZ,418121,445488,473293,543165,667603,667990
395057,12,San Francisco, CA,msa,CA,1534468,1541259,1564985,1695716,2032129,1821644
395025,13,Riverside, CA,msa,CA,530269,547085,561396,630972,761163,753569
394532,14,Detroit, MI,msa,MI,296962,310655,319115,350192,394133,402123
395078,15,Seattle, WA,msa,WA,845359,853495,870805,982910,1228486,1150342
394865,16,Minneapolis, MN,msa,MN,404460,419557,434463,473766,531053,533681
395056,17,San Diego, CA,msa,CA,915540,930453,959421,1092057,1394026,1366511
395148,18,Tampa, FL,msa,FL,340210,357421,374844,421949,537741,567920
394530,19,Denver, CO,msa,CO,610810,644156,672316,741735,858804,838715
394358,20,Baltimore, MD,msa,MD,456287,465026,475207,519521,572496,587204
395121,21,St. Louis, MO,msa,MO,291084,299375,309763,341414,380201,392579
394943,22,Orlando, FL,msa,FL,352076,371850,387394,423480,522862,553129
394458,23,Charlotte, NC,msa,NC,363330,375715,390450,443007,545516,568279
395055,24,San Antonio, TX,msa,TX,319772,328931,341474,375865,451358,467702
394998,25,Portland, OR,msa,OR,581581,593509,610037,675823,772145,759708
395045,26,Sacramento, CA,msa,CA,596184,620125,638124,718844,832800,788023
394982,27,Pittsburgh, PA,msa,PA,267446,276846,289457,316532,345131,349545
394466,28,Cincinnati, OH,msa,OH,289272,304426,316683,355497,398266,414972
394355,29,Austin, TX,msa,TX,494035,512274,547910,646850,823382,797725
394775,30,Las Vegas, NV,msa,NV,391135,424114,436818,474641,570434,557990
394735,31,Kansas City, MO,msa,MO,326205,340696,353959,390927,440383,458396
394492,32,Columbus, OH,msa,OH,318696,331159,348091,387549,436698,460736
394705,34,Indianapolis, IN,msa,IN,282016,295469,309716,350576,411232,421592
394475,35,Cleveland, OH,msa,OH,256403,265304,273429,304526,336409,353933
395059,36,San Jose, CA,msa,CA,1849944,1978868,1939263,2095773,2583113,2401167
394902,37,Nashville, TN,msa,TN,426098,446587,472616,529212,683917,704099
395194,38,Virginia Beach, VA,msa,VA,370308,377084,389727,427180,480968,499276
395005,39,Providence, RI,msa,RI,446290,463113,480317,545304,619797,645375
394714,40,Jacksonville, FL,msa,FL,345745,362525,375416,418092,537392,570757
394862,41,Milwaukee, WI,msa,WI,359984,375477,393117,428078,457022,475411
394935,42,Oklahoma City, OK,msa,OK,255316,262971,273141,294410,338223,355576
395012,43,Raleigh, NC,msa,NC,421613,436620,448115,490892,618405,638424
394849,44,Memphis, TN,msa,TN,255576,270211,287859,321211,374099,387412
395022,45,Richmond, VA,msa,VA,365704,378136,390766,430808,481890,468493
394807,46,Louisville, KY,msa,KY,285827,300617,311056,343140,380843,393761
394910,47,New Orleans, LA,msa,LA,325462,327734,342582,360637,400983,401879
395053,48,Salt Lake City, UT,msa,UT,494972,529539,560886,646669,779011,758677
394669,49,Hartford, CT,msa,CT,354138,355105,357993,396560,438345,467116
394425,50,Buffalo, NY,msa,NY,265491,278258,290008,321993,358129,370806
394388,51,Birmingham, AL,msa,AL,292580,306754,324086,355909,403808,421386
395031,52,Rochester, NY,msa,NY,243795,253378,265726,296833,326515,347046
394640,53,Grand Rapids, MI,msa,MI,312489,327414,340629,379794,433372,442437
395167,54,Tucson, AZ,msa,AZ,321814,339030,355631,405595,484890,505490
753924,55,Urban Honolulu, HI,msa,HI,1042793,1053550,1054925,1127815,1374494,1349119
395169,56,Tulsa, OK,msa,OK,242841,248275,259757,290885,335050,352520
394619,57,Fresno, CA,msa,CA,381283,401870,411515,457740,539054,537826
395238,58,Worcester, MA,msa,MA,418709,431495,445113,499976,556139,579000
394938,59,Omaha, NE,msa,NE,304338,316131,333322,368980,413630,430880
394415,60,Bridgeport, CT,msa,CT,855732,841496,821513,925171,1076339,1134843
394653,61,Greenville, SC,msa,SC,284288,296206,308562,342290,404026,435107
394312,62,Albuquerque, NM,msa,NM,298561,311973,332480,374205,431922,445860
394357,63,Bakersfield, CA,msa,CA,309149,321095,333089,375688,445134,449683
394308,64,Albany, NY,msa,NY,342624,352899,359460,389255,423464,440903
394753,65,Knoxville, TN,msa,TN,299091,313145,333485,377458,466124,492984
394367,66,Baton Rouge, LA,msa,LA,294723,296261,301483,313561,342469,347656
394843,67,McAllen, TX,msa,TX,173632,179249,187808,207912,243342,259498
394908,68,New Haven, CT,msa,CT,361413,365969,372203,419398,467714,492289
394561,69,El Paso, TX,msa,TX,195094,198909,205137,225118,263164,284223
394318,70,Allentown, PA,msa,PA,315929,323546,334149,375983,422424,441770
394952,71,Oxnard, CA,msa,CA,875033,891174,905763,1002684,1185304,1158107
394486,72,Columbia, SC,msa,SC,251876,260426,274134,303510,353135,375370
753906,73,North Port, FL,msa,FL,467165,483056,492319,547621,743378,800256
394457,75,Charleston, SC,msa,SC,475428,484229,494604,554940,699540,757625
394648,76,Greensboro, NC,msa,NC,247345,259882,271655,305140,348842,372528
395134,77,Stockton, CA,msa,CA,510228,537455,546652,630310,758792,722910
394440,78,Cape Coral, FL,msa,FL,397281,408264,416114,460805,617491,653660
394399,79,Boise City, ID,msa,ID,419256,466422,514795,630031,728240,675712
394484,80,Colorado Springs, CO,msa,CO,446039,472939,499848,561010,649728,639173
394798,81,Little Rock, AR,msa,AR,246954,251246,257791,277278,314352,328655
394766,82,Lakeland, FL,msa,FL,247191,264576,278586,310513,388708,407628
394304,83,Akron, OH,msa,OH,248137,257161,266982,295716,328655,341903
394531,84,Des Moines, IA,msa,IA,319702,328223,334245,355838,399492,412309
395115,85,Springfield, MA,msa,MA,337502,348114,358025,395179,429615,447916
394931,87,Ogden, UT,msa,UT,419321,450261,483201,560765,679515,661155
394816,88,Madison, WI,msa,WI,405610,421564,438342,475526,514778,533726
395235,89,Winston, NC,msa,NC,245603,260008,273388,305737,346942,370951
394528,90,Deltona, FL,msa,FL,316037,332704,348870,384938,478063,502280
395143,91,Syracuse, NY,msa,NY,219804,227916,237265,264035,288400,309692
395006,92,Provo, UT,msa,UT,476374,514738,545048,626293,755045,730414
395160,93,Toledo, OH,msa,OH,207061,215915,223458,249013,272893,287187
395224,94,Wichita, KS,msa,KS,229326,236071,249811,273039,311019,327889
394549,95,Durham, NC,msa,NC,397647,416519,431699,479085,584356,610617
394352,96,Augusta, GA,msa,GA,235340,246499,258102,287707,333916,352646
394957,97,Palm Bay, FL,msa,FL,358101,371683,385340,432747,528727,552161
394711,98,Jackson, MS,msa,MS,246269,251262,256425,276096,313103,322475
394666,99,Harrisburg, PA,msa,PA,293239,300460,311237,342073,380330,404388
395113,100,Spokane, WA,msa,WA,354623,384068,426048,495235,581275,577349
395075,101,Scranton, PA,msa,PA,203029,206137,213093,236066,263241,271820
394460,102,Chattanooga, TN,msa,TN,279174,294830,312156,347745,418126,437252
394871,103,Modesto, CA,msa,CA,417744,439176,457157,513811,580416,570578
394768,104,Lancaster, PA,msa,PA,329260,343857,357934,396545,447727,476476
394997,105,Portland, ME,msa,ME,449754,472294,494536,582439,694486,718395
395245,106,Youngstown, OH,msa,OH,168912,174770,180807,202260,229552,239560
394770,107,Lansing, MI,msa,MI,238714,247333,263114,292685,320418,331151
394590,108,Fayetteville, AR,msa,AR,302633,313429,327123,373416,459908,489911
394589,109,Fayetteville, NC,msa,NC,206513,210894,219273,240339,274660,301908
394792,110,Lexington, KY,msa,KY,304281,313208,324072,355811,399382,424668
394971,111,Pensacola, FL,msa,FL,281987,301294,321010,366281,440997,464323
395068,112,Santa Rosa, CA,msa,CA,961062,976130,964972,1059700,1204891,1162155
395019,113,Reno, NV,msa,NV,548378,588106,611632,703403,854073,797712
394698,114,Huntsville, AL,msa,AL,273994,285674,307222,352191,421065,433312
394995,115,Port St. Lucie, FL,msa,FL,360122,378140,391503,435748,552860,584969
394761,116,Lafayette, LA,msa,LA,259119,258588,261404,265168,289586,295226
394898,117,Myrtle Beach, SC,msa,SC,321461,337242,351371,389095,488111,526842
395116,118,Springfield, MO,msa,MO,246985,257225,266958,301450,361128,373879
395195,119,Visalia, CA,msa,CA,306961,319339,328640,376532,438863,444728
394746,120,Killeen, TX,msa,TX,236330,248861,259397,288217,356926,372376
394338,121,Asheville, NC,msa,NC,397439,412068,429472,485537,579353,611301
395244,122,York, PA,msa,PA,280407,286140,297917,329886,366324,385006
395183,123,Vallejo, CA,msa,CA,578586,594874,603059,674482,761887,730295
753917,124,Santa Maria, CA,msa,CA,1273990,1285967,1277265,1479373,1951866,1915912
395050,125,Salinas, CA,msa,CA,962104,1008054,1016543,1192017,1464188,1440562
395048,126,Salem, OR,msa,OR,395117,419219,442229,492370,563415,571617
394870,127,Mobile, AL,msa,AL,200603,207615,221729,241440,278278,292270
395015,128,Reading, PA,msa,PA,263456,269170,279135,324323,366580,388083
394502,129,Corpus Christi, TX,msa,TX,252075,252145,265464,290521,342607,353688
394421,130,Brownsville, TX,msa,TX,179922,179084,183765,203488,252533,269579
394820,131,Manchester, NH,msa,NH,409684,422777,445686,510767,577993,592257
394612,132,Fort Wayne, IN,msa,IN,231503,244211,260498,293523,333069,344219
394658,133,Gulfport, MS,msa,MS,222805,228638,237488,260252,301733,312392
395051,134,Salisbury, MD,msa,DE,422026,434325,445269,506733,619998,638707
394596,135,Flint, MI,msa,MI,189163,199726,209427,238152,269809,272914
394972,136,Peoria, IL,msa,IL,201091,198501,200681,217791,244812,250654
394439,137,Canton, OH,msa,OH,205697,214756,222395,249597,279133,293492
395070,138,Savannah, GA,msa,GA,301554,316256,328392,359273,427054,467591
394327,139,Anchorage, AK,msa,AK,430414,445847,463559,468164,500329,508493
394372,140,Beaumont, TX,msa,TX,212438,219154,231466,241838,261739,267227
395096,141,Shreveport, LA,msa,LA,245631,250713,256827,266265,281094,287447
395164,142,Trenton, NJ,msa,NJ,480779,489334,492240,524181,594482,636357
394875,143,Montgomery, AL,msa,AL,235695,242803,253365,268357,302346,318606
394520,144,Davenport, IA,msa,IL,222141,231121,239208,255637,283349,292148
395146,145,Tallahassee, FL,msa,FL,290060,303518,320247,349439,397612,419586
394576,146,Eugene, OR,msa,OR,419356,440384,465900,526215,597596,610228
394901,147,Naples, FL,msa,FL,722858,756994,769997,855663,1247743,1381619
394332,148,Ann Arbor, MI,msa,MI,447061,465983,472609,501581,548799,560828
394927,149,Ocala, FL,msa,FL,237795,250866,261848,292919,367585,392494
394679,150,Hickory, NC,msa,NC,238373,252721,269988,309647,360791,385154
394697,151,Huntington, WV,msa,OH,182942,185851,189550,206392,224190,228517
394602,152,Fort Collins, CO,msa,CO,543092,570172,596216,652560,766535,768744
395033,153,Rockford, IL,msa,IL,185749,191336,198015,216127,246573,254431
394796,154,Lincoln, NE,msa,NE,306391,321870,332074,362108,405871,422508
394622,155,Gainesville, FL,msa,FL,291941,305796,320981,358649,415580,440518
394405,156,Boulder, CO,msa,CO,891931,931270,972784,1056859,1249596,1232225
394646,157,Green Bay, WI,msa,WI,265097,280000,295715,327270,369467,387119
394488,158,Columbus, GA,msa,GA,215713,224287,237782,263645,297862,311308
395107,159,South Bend, IN,msa,IN,222097,233602,245769,274044,314847,327929
395109,160,Spartanburg, SC,msa,SC,234831,248849,262426,293508,342959,361129
394645,161,Greeley, CO,msa,CO,471775,497358,522256,585701,682837,679153
394808,162,Lubbock, TX,msa,TX,249491,246042,251294,273393,313628,328403
394471,163,Clarksville, TN,msa,TN,232410,242817,259559,289525,355720,376041
395028,164,Roanoke, VA,msa,VA,285143,296421,312439,350213,391842,408069
394579,165,Evansville, IN,msa,IN,223694,229321,239815,268126,303867,312571
394747,167,Kingsport, TN,msa,TN,204801,217576,231757,253401,302405,322468
394741,168,Kennewick, WA,msa,WA,380571,410466,443187,479392,558911,568566
395179,169,Utica, NY,msa,NY,196219,202475,212816,240259,265606,280561
394660,170,Hagerstown, MD,msa,MD,273917,285284,295520,336976,383115,392511
394543,171,Duluth, MN,msa,MN,247689,255732,269641,298229,335861,345643
394937,172,Olympia, WA,msa,WA,432792,458659,488347,571251,653761,649172
394803,173,Longview, TX,msa,TX,218403,236697,247546,259838,300985,322933
395229,174,Wilmington, NC,msa,NC,401010,419737,437894,495550,610133,662664
395061,175,San Luis Obispo, CA,msa,CA,929379,937665,953499,1045096,1245214,1239175
753875,176,Crestview, FL,msa,FL,510266,546434,578845,663965,906447,960310
394851,177,Merced, CA,msa,CA,355654,382588,392255,442514,522627,504811
395197,178,Waco, TX,msa,TX,253958,266448,281787,316285,387672,402258
394447,179,Cedar Rapids, IA,msa,IA,255057,265336,275272,296371,332942,347048
394348,180,Atlantic City, NJ,msa,NJ,301780,323500,337359,392275,480691,517783
394412,181,Bremerton, WA,msa,WA,552187,583997,628674,739024,869683,846557
395103,182,Sioux Falls, SD,msa,SD,325189,342961,364916,401114,461830,484223
395065,183,Santa Cruz, CA,msa,CA,1249628,1237733,1222229,1418640,1771706,1637464
394572,184,Erie, PA,msa,PA,214659,218519,225995,248967,279533,290775
394924,185,Norwich, CT,msa,CT,365466,370580,376046,429362,482010,509386
394323,186,Amarillo, TX,msa,TX,239339,244394,251033,271350,317366,329721
394772,187,Laredo, TX,msa,TX,224766,233110,242396,259428,280610,290940
395171,188,Tuscaloosa, AL,msa,AL,243656,253594,267369,289003,322726,336601
394483,189,College Station, TX,msa,TX,336908,340540,342019,369254,416580,445191
394732,190,Kalamazoo, MI,msa,MI,255503,272931,287156,319119,363281,372674
394811,191,Lynchburg, VA,msa,VA,273873,284808,296304,329169,372103,388867
394455,192,Charleston, WV,msa,WV,178511,179024,181505,196252,214372,223065
395240,193,Yakima, WA,msa,WA,304753,325793,359245,405833,458711,463368
394585,194,Fargo, ND,msa,ND,332155,334455,350939,361150,394208,415756
394387,195,Binghamton, NY,msa,NY,176367,184758,189817,207306,228620,236530
394609,196,Fort Smith, AR,msa,AR,187928,192758,201844,220904,259601,270825
394334,197,Appleton, WI,msa,WI,280799,297381,312250,342752,379066,397427
395161,199,Topeka, KS,msa,KS,210569,222472,227189,262453,299922,321007
394813,200,Macon, GA,msa,GA,191654,204746,217607,237726,274752,292924
395174,201,Tyler, TX,msa,TX,278810,283010,296351,323817,382257,407731
394361,202,Barnstable Town, MA,msa,MA,721045,751663,763934,881339,1075086,1122816
394519,203,Daphne, AL,msa,AL,372437,398042,425642,474901,581735,609175
394378,205,Bellingham, WA,msa,WA,533202,572018,609590,710158,846968,819538
394429,206,Burlington, VT,msa,VT,422224,427883,444260,490578,559170,588966
395030,207,Rochester, MN,msa,MN,329730,344927,355040,397260,451511,459294
753895,208,Lafayette, IN,msa,IN,254048,261106,276522,307019,352931,358418
394454,209,Champaign, IL,msa,IL,236844,244547,245160,262651,295971,307942
394848,210,Medford, OR,msa,OR,472757,482350,491649,555245,626947,603261
394459,212,Charlottesville, VA,msa,VA,487621,506150,519156,567222,641576,662429
394763,213,Lake Charles, LA,msa,LA,274331,273784,273030,280441,298217,293918
394773,214,Las Cruces, NM,msa,NM,274725,281394,291959,325020,377642,397222
394464,215,Chico, CA,msa,CA,428917,0,494965,538821,593602,564998
394681,216,Hilton Head Island, SC,msa,SC,538347,560440,572413,637161,847333,928795
394346,217,Athens, GA,msa,GA,311797,335594,359458,408080,482274,498364
394765,218,Lake Havasu City, AZ,msa,AZ,303986,335588,352551,416967,515604,510479
394485,219,Columbia, MO,msa,MO,312923,316987,328857,366403,427178,435317
395114,220,Springfield, IL,msa,IL,205325,210351,221163,234565,261179,276876
394691,221,Houma, LA,msa,LA,237032,239042,250929,260500,269143,264421
394872,222,Monroe, LA,msa,LA,240785,242980,245261,254748,278526,280480
394565,223,Elkhart, IN,msa,IN,241894,258978,269252,302465,340753,351285
394726,224,Johnson City, TN,msa,TN,232073,243251,259074,286300,348298,365188
395247,225,Yuma, AZ,msa,AZ,221841,233308,248032,281894,345175,359404
394623,226,Gainesville, GA,msa,GA,348377,366724,380998,428597,525148,548048
394716,227,Jacksonville, NC,msa,NC,229680,245065,257008,282949,337174,370682
394597,228,Florence, SC,msa,SC,199047,204443,211341,229309,262759,278017
394680,229,Hilo, HI,msa,HI,618257,630527,649090,726537,949080,984896
395118,230,St. Cloud, MN,msa,MN,291118,305753,325306,360106,409406,418164
395011,231,Racine, WI,msa,WI,275187,294434,304082,332304,365100,380076
394380,232,Bend, OR,msa,OR,577716,611887,644924,790031,1011780,954916
395047,233,Saginaw, MI,msa,MI,168722,173526,183494,209018,231979,247222
395202,234,Warner Robins, GA,msa,GA,225489,235157,245354,264346,308279,331508
395151,235,Terre Haute, IN,msa,IN,171675,177428,185475,208898,233786,243197
395162,236,Torrington, CT,msa,CT,400042,398378,401366,477988,543724,567989
395009,237,Punta Gorda, FL,msa,FL,324496,341650,354208,398448,539124,559928
394386,239,Billings, MT,msa,MT,365583,377360,399616,438848,514028,540320
395018,240,Redding, CA,msa,CA,379181,394159,406162,455759,517534,498926
394748,241,Kingston, NY,msa,NY,343079,361201,374527,459357,537422,553411
394960,242,Panama City, FL,msa,FL,314130,334152,355984,395523,505037,542829
394729,243,Joplin, MO,msa,MO,213087,223472,233080,257018,295109,310310
394539,244,Dover, DE,msa,DE,292620,304222,316907,357891,414545,428809
394559,245,El Centro, CA,msa,CA,286856,294345,309004,338289,383344,387649
394712,246,Jackson, TN,msa,TN,187331,198915,216462,236468,283517,293402
395246,247,Yuba City, CA,msa,CA,382527,398367,420235,480011,550419,521493
394406,248,Bowling Green, KY,msa,KY,242564,251539,264573,294560,335817,359237
395119,249,St. George, UT,msa,UT,496179,537850,567872,638859,771178,748895
394896,250,Muskegon, MI,msa,MI,211806,216951,229180,263252,308921,315994
394299,251,Abilene, TX,msa,TX,219886,228833,235235,252568,294398,306546
394707,252,Iowa City, IA,msa,IA,354819,365677,375152,390008,426734,439813
394351,253,Auburn, AL,msa,AL,316613,325661,340337,371090,409897,434206
394860,254,Midland, TX,msa,TX,361516,405836,428095,423244,434937,439024
753869,255,Bloomington, IL,msa,IL,244319,240832,244034,264135,302698,329142
394671,255,Hattiesburg, MS,msa,MS,242110,241532,248619,266125,297420,305351
394944,257,Oshkosh, WI,msa,WI,267829,282269,297268,325802,358706,369728
394555,258,Eau Claire, WI,msa,WI,279488,295973,310861,346600,389093,399833
394651,259,Greenville, NC,msa,NC,229029,237665,248320,276740,323033,340055
394428,260,Burlington, NC,msa,NC,256828,266862,276969,308873,362907,384906
395210,261,Waterloo, IA,msa,IA,223988,232733,241786,254954,280634,299554
394480,262,Coeur d'Alene, ID,msa,ID,466957,500001,541487,659331,797990,834878
394553,263,East Stroudsburg, PA,msa,PA,229689,245876,258428,310821,379805,386576
395007,264,Pueblo, CO,msa,CO,269899,291648,312075,359041,409887,408265
394392,265,Blacksburg, VA,msa,VA,266350,276228,315848,353293,396355,401418
395215,266,Wausau, WI,msa,WI,232812,243266,257449,278708,299107,305343
394731,267,Kahului, HI,msa,HI,974002,1021634,1046542,1167822,1492993,1609356
394720,268,Janesville, WI,msa,WI,233168,250775,262610,292887,328038,344836
395170,269,Tupelo, MS,msa,MS,200705,203023,207170,222139,257662,260708
394393,270,Bloomington, IN,msa,IN,303262,314600,331330,371457,418357,423048
394930,271,Odessa, TX,msa,TX,233272,262279,294055,301555,298647,299831
394710,272,Jackson, MI,msa,MI,218284,233403,244607,275092,304275,313317
395125,273,State College, PA,msa,PA,367989,385788,399888,426776,459159,477447
395079,274,Sebastian, FL,msa,FL,433336,454985,459663,499333,653089,721731
394814,275,Madera, CA,msa,CA,373829,393823,406795,463079,545299,538629
394523,276,Decatur, AL,msa,AL,203003,209701,220864,253430,291760,306655
394453,277,Chambersburg, PA,msa,PA,251959,258124,262026,301378,339234,351308
395193,278,Vineland, NJ,msa,NJ,204322,207873,214450,240711,281504,299005
394703,279,Idaho Falls, ID,msa,ID,317302,341464,375469,454412,550914,529820
394639,280,Grand Junction, CO,msa,CO,370316,399198,426555,472924,545130,549201
394563,281,Elizabethtown, KY,msa,KY,216724,222178,234132,261965,301178,318133
394917,282,Niles, MI,msa,MI,289131,302214,306618,348101,411479,428491
394873,283,Monroe, MI,msa,MI,242410,255737,263401,292659,322622,332178
395066,284,Santa Fe, NM,msa,NM,569199,595888,645683,744784,881487,882629
394493,285,Concord, NH,msa,NH,359553,373857,395260,460586,531790,554409
394314,286,Alexandria, LA,msa,LA,233827,232848,234398,245665,257268,258543
395163,287,Traverse City, MI,msa,MI,383130,399656,425671,479484,591341,628727
394359,288,Bangor, ME,msa,ME,218467,227514,236721,276148,322669,339117
394685,289,Homosassa Springs, FL,msa,FL,248367,263363,275472,317448,395934,419343
394662,290,Hanford, CA,msa,CA,293050,302082,306026,371823,426907,428014
394723,291,Jefferson City, MO,msa,MO,243403,257445,262709,298127,342644,356007
394598,292,Florence, AL,msa,AL,204587,210591,222771,247470,286813,307126
394537,293,Dothan, AL,msa,AL,204005,207053,215879,230540,261260,278265
394802,294,London, KY,msa,KY,164225,161623,164524,187664,211459,226124
394306,295,Albany, GA,msa,GA,175134,180909,189361,208905,244687,259915
395102,297,Sioux City, IA,msa,IA,241475,247867,255425,275794,305907,324466
395223,298,Wichita Falls, TX,msa,TX,172538,181634,193092,213675,253312,264550
395152,299,Texarkana, TX,msa,TX,190769,196631,205031,224522,261086,271283
395182,300,Valdosta, GA,msa,GA,196566,203764,214370,236362,278040,291474
394800,301,Logan, UT,msa,UT,367458,395691,418605,489653,606749,585856
394595,302,Flagstaff, AZ,msa,AZ,516240,544745,578433,668705,864367,883113
395036,303,Rocky Mount, NC,msa,NC,187893,195439,205792,236791,274651,297809
395000,304,Pottsville, PA,msa,PA,153713,157226,167384,193016,218579,228067
394515,305,Dalton, GA,msa,GA,198221,207061,221338,248372,295429,301798
394783,306,Lebanon, PA,msa,PA,282017,292034,305843,339246,384221,405533
394880,307,Morristown, TN,msa,TN,220898,245635,270489,297503,368960,379186
395232,308,Winchester, VA,msa,VA,357890,369070,383049,429859,492680,495115
395221,309,Wheeling, WV,msa,OH,175859,181645,187888,207427,219187,222871
394879,310,Morgantown, WV,msa,WV,291914,293369,294128,320100,341410,346020
394756,311,La Crosse, WI,msa,WI,275963,288547,301424,331131,366948,383763
394900,312,Napa, CA,msa,CA,1151518,1202284,1198008,1390048,1589072,1506566
395013,313,Rapid City, SD,msa,SD,300743,317900,339462,385219,472594,505100
395139,314,Sumter, SC,msa,SC,190294,199890,210918,228340,260413,271549
394577,315,Eureka, CA,msa,CA,469715,475489,485344,513490,584460,554865
395117,316,Springfield, OH,msa,OH,177318,186411,196598,224659,254034,267973
394668,317,Harrisonburg, VA,msa,VA,312851,319518,331759,371542,418135,440935
394368,318,Battle Creek, MI,msa,MI,174305,175725,186098,204045,245171,252795
395094,319,Sherman, TX,msa,TX,272259,288038,301912,340657,424872,457011
394821,320,Manhattan, KS,msa,KS,289809,297094,300394,331203,364515,382878
394442,321,Carbondale, IL,msa,IL,172950,164725,166508,179916,210578,216157
394727,322,Johnstown, PA,msa,PA,125530,128408,137575,140129,157925,156917
394728,323,Jonesboro, AR,msa,AR,206131,212886,221121,239026,275360,289715
394390,324,Bismarck, ND,msa,ND,372500,376574,386139,410742,453409,467117
394661,325,Hammond, LA,msa,LA,240376,240465,243660,254684,285092,287004
394983,326,Pittsfield, MA,msa,MA,386117,397860,411276,479229,566054,596288
394890,327,Mount Vernon, WA,msa,WA,517887,554009,589370,681073,798413,784586
394719,328,Jamestown, NY,msa,NY,166302,171685,181499,207436,244176,255128
395153,329,The Villages, FL,msa,FL,377182,406898,426247,446483,557842,588283
394307,330,Albany, OR,msa,OR,360395,385653,407041,464368,533936,535162
394633,331,Glens Falls, NY,msa,NY,304140,312341,322047,359746,415836,430166
394780,332,Lawton, OK,msa,OK,174450,176977,179642,199931,223307,236795
394474,334,Cleveland, TN,msa,TN,241454,253864,270816,308778,374602,388162
395098,335,Sierra Vista, AZ,msa,AZ,235998,249803,270930,297103,344601,354242
394325,336,Ames, IA,msa,IA,309430,313585,316174,335905,366907,382341
394824,337,Mansfield, OH,msa,OH,167523,176432,187741,214539,249624,263138
395128,338,Staunton, VA,msa,VA,303001,311147,330339,361870,401786,414241
394353,339,Augusta, ME,msa,ME,240280,253237,265532,322181,380791,390628
394321,340,Altoona, PA,msa,PA,200026,198714,209652,218795,227699,231678
394905,341,New Bern, NC,msa,NC,242545,250403,262752,289922,338603,364504
394588,342,Farmington, NM,msa,NM,246059,250835,256993,272917,307057,326186
395120,343,St. Joseph, MO,msa,MO,208656,218178,222248,251523,285635,294402
395054,344,San Angelo, TX,msa,TX,225764,242705,263133,285203,329119,336171
395218,345,Wenatchee, WA,msa,WA,466100,502902,544873,635447,756251,743760
394949,346,Owensboro, KY,msa,KY,204364,212924,223035,245461,276438,291285
753890,347,Holland, MI,msa,MI,293126,308074,323921,370165,431689,439325
394810,348,Lumberton, NC,msa,NC,135488,144860,148297,168136,191557,209152
394778,349,Lawrence, KS,msa,KS,327387,332366,347624,390227,425378,433517
394635,350,Goldsboro, NC,msa,NC,193289,190983,195051,210759,237937,259038
395213,351,Watertown, NY,msa,NY,227980,234444,240884,259531,285057,296922
395089,352,Sheboygan, WI,msa,WI,273985,286145,298521,328540,353755,364895
395217,353,Weirton, WV,msa,OH,136081,143102,150640,168218,182333,190496
394867,354,Missoula, MT,msa,MT,450022,463282,493825,585261,711307,709566
395237,355,Wooster, OH,msa,OH,232324,241691,257998,299008,359131,471947
394407,356,Bozeman, MT,msa,MT,593088,624036,667245,791709,963878,954843
394333,357,Anniston, AL,msa,AL,164158,173850,180564,198491,220499,236258
394374,358,Beckley, WV,msa,WV,157597,158319,161395,179133,197040,208963
395225,359,Williamsport, PA,msa,PA,242089,243500,253153,276353,305007,313211
394423,360,Brunswick, GA,msa,GA,377508,403047,413841,456192,548317,597119
753872,361,California, MD,msa,MD,403451,414191,427288,474681,521583,524881
395173,361,Twin Falls, ID,msa,ID,307972,333495,358340,426874,523852,516707
394495,363,Cookeville, TN,msa,TN,227291,247407,270163,299592,372587,382517
394893,364,Muncie, IN,msa,IN,160406,166591,173119,194160,224103,235521
394857,365,Michigan City, IN,msa,IN,240228,256044,265001,307038,349172,363552
395039,366,Roseburg, OR,msa,OR,339234,347040,368276,419339,490394,494063
394788,367,Lewiston, ME,msa,ME,252943,264844,278277,320120,367969,385119
394804,368,Longview, WA,msa,WA,359006,381214,410050,478278,542974,542193
394932,369,Ogdensburg, NY,msa,NY,153430,159797,163757,183537,203981,209843
394734,370,Kankakee, IL,msa,IL,208639,212461,218323,240309,272100,282285
394396,371,Bluefield, WV,msa,VA,153239,155332,159469,176817,196218,209942
395095,372,Show Low, AZ,msa,AZ,321767,345514,369118,448090,567596,578750
395023,373,Richmond, KY,msa,KY,230880,229311,236637,266704,294952,310991
395168,374,Tullahoma, TN,msa,TN,243418,266706,290288,330214,414576,422729
395222,375,Whitewater, WI,msa,WI,357291,382968,398536,455410,522252,556523
394709,376,Ithaca, NY,msa,NY,353117,359191,367451,390436,439790,456858
394637,377,Grand Forks, ND,msa,MN,291206,290091,294330,311972,338675,347589
394524,378,Decatur, IL,msa,IL,146347,152952,152623,164617,179214,183191
394762,379,LaGrange, GA,msa,GA,185310,197938,207083,230841,269090,285864
394369,380,Bay City, MI,msa,MI,165720,167917,182906,201495,223683,232500
394599,381,Fond du Lac, WI,msa,WI,246448,261099,274755,299955,328026,342778
394630,382,Gettysburg, PA,msa,PA,304656,313876,322949,360424,398376,410074
394620,383,Gadsden, AL,msa,AL,172928,177217,192076,209584,244819,254138
394733,384,Kalispell, MT,msa,MT,509538,544089,579145,711423,979674,980039
394518,385,Danville, VA,msa,VA,164871,170432,177260,196586,225596,242033
394823,386,Mankato, MN,msa,MN,291271,305041,324519,350450,386855,400091
394794,387,Lima, OH,msa,OH,180283,190119,199574,226217,248161,264169
753915,388,Salem, OH,msa,OH,155768,164558,172488,188294,207393,220910
395166,389,Truckee, CA,msa,CA,677774,707515,717681,863062,1050909,955331
395080,390,Sebring, FL,msa,FL,202746,215628,226976,258731,322750,344060
394462,391,Cheyenne, WY,msa,WY,390024,404585,441705,477542,509838,515455
394689,392,Hot Springs, AR,msa,AR,251825,265281,282144,323931,393893,413092
394302,393,Adrian, MI,msa,MI,216383,226245,238121,269141,308858,317137
395090,394,Shelby, NC,msa,NC,169268,178037,189772,219840,260845,275920
394542,396,Dubuque, IA,msa,IA,278917,290951,304195,331409,368044,384343
394852,397,Meridian, MS,msa,MS,186754,189942,189607,203761,229187,230483
753912,398,Pinehurst, NC,msa,NC,362080,374778,390754,441533,534314,577525
394953,399,Paducah, KY,msa,KY,183540,188118,192870,206100,231143,250222
395190,400,Victoria, TX,msa,TX,242505,253085,265232,284559,325603,335241
395038,401,Rome, GA,msa,GA,197152,215455,231345,259094,308771,318893
395086,402,Sevierville, TN,msa,TN,301025,326325,370372,456932,650251,670681
394882,403,Moses Lake, WA,msa,WA,310772,336887,357816,419187,512477,517004
394340,404,Ashtabula, OH,msa,OH,168246,175164,183097,212924,239463,249864
394441,405,Cape Girardeau, MO,msa,MO,238226,245222,250996,288143,331160,337491
394311,406,Albertville, AL,msa,AL,215785,225513,240798,273209,327689,345466
394580,407,Fairbanks, AK,msa,AK,332654,342200,360796,370693,391187,394810
394410,408,Brainerd, MN,msa,MN,313348,327178,342315,392906,467331,486222
394513,409,Cumberland, MD,msa,MD,162424,169529,176344,196411,219411,228033
394928,410,Ocean City, NJ,msa,NJ,742147,793253,835543,987744,1290308,1303824
394505,411,Corvallis, OR,msa,OR,482895,505336,527478,579807,674125,679420
394988,412,Pocatello, ID,msa,ID,278376,303511,331793,389022,464074,456458
394501,413,Corning, NY,msa,NY,178811,183138,189977,210744,233246,246473
394911,414,New Philadelphia, OH,msa,OH,203447,215203,229718,258652,287776,296165
395140,415,Sunbury, PA,msa,PA,165084,171285,184479,198917,213538,221039
395175,416,Ukiah, CA,msa,CA,590375,596554,611142,666732,743607,665340
753887,417,Hermiston, OR,msa,OR,257960,274703,294139,339124,406037,405574
394469,418,Clarksburg, WV,msa,WV,213957,217148,219974,242224,263332,269474
394964,419,Parkersburg, WV,msa,WV,185909,192802,200869,219121,240190,248040
394373,420,Beaver Dam, WI,msa,WI,250851,264684,279620,314312,342766,355494
394980,421,Pine Bluff, AR,msa,AR,131914,136307,144317,155471,172844,179372
394641,422,Grants Pass, OR,msa,OR,390683,406792,422457,487220,555593,532598
394511,424,Cullman, AL,msa,AL,239882,235435,252899,277755,326754,345327
394809,425,Lufkin, TX,msa,TX,196392,205127,222939,242893,287504,290167
395248,426,Zanesville, OH,msa,OH,177688,189275,198103,222196,254174,267399
394907,427,New Castle, PA,msa,PA,175674,184228,192285,213775,235545,249440
394925,428,Oak Harbor, WA,msa,WA,574403,612745,651028,778755,915655,882313
394942,429,Orangeburg, SC,msa,SC,158278,161946,171353,198024,229264,236389
395212,430,Watertown, WI,msa,WI,286992,303658,318197,353424,395692,401918
394847,431,Meadville, PA,msa,PA,162906,160266,167586,185455,209743,212516
394568,432,Elmira, NY,msa,NY,176455,181480,187637,202684,219652,228397
394644,433,Great Falls, MT,msa,MT,292147,303666,316703,343602,414096,433010
394776,434,Laurel, MS,msa,MS,179740,180500,184446,202093,229409,228842
395042,435,Russellville, AR,msa,AR,197991,200904,206305,226021,253143,262122
394704,436,Indiana, PA,msa,PA,188723,190723,195920,213258,224081,231745
394859,437,Midland, MI,msa,MI,213856,220389,241134,266034,298430,306826
394755,438,Kokomo, IN,msa,IN,185308,196263,204822,224497,251136,254189
394395,439,Bloomsburg, PA,msa,PA,251801,259323,268719,295488,316768,323821
394941,440,Opelousas, LA,msa,LA,174390,177804,176774,184882,196978,200815
394675,441,Helena, MT,msa,MT,372165,392660,416870,483898,590868,600924
394744,442,Key West, FL,msa,FL,992309,1043660,1078837,1230057,1714508,1874111
395145,443,Talladega, AL,msa,AL,193013,196225,209574,239749,272470,277414
395133,444,Stillwater, OK,msa,OK,248920,256845,268390,291661,323354,326603
394489,445,Columbus, IN,msa,IN,266888,277809,292921,321471,359955,374765
394345,446,Athens, TX,msa,TX,291588,310961,327792,402978,500322,524114
394452,447,Centralia, WA,msa,WA,336912,367030,404614,486810,578131,552027
394822,448,Manitowoc, WI,msa,WI,214166,227844,245975,272748,309053,324220
394682,449,Hinesville, GA,msa,GA,193128,203640,212063,230152,273310,293375
394541,450,DuBois, PA,msa,PA,140136,136357,142290,159667,170377,172575
395205,451,Warsaw, IN,msa,IN,290829,307361,320214,366039,418189,433510
394986,452,Plattsburgh, NY,msa,NY,213613,220062,229339,248867,278501,286819
395126,453,Statesboro, GA,msa,GA,223247,227845,235689,267046,318451,339613
394445,454,Casper, WY,msa,WY,291253,301897,318563,348156,383473,406182
395231,455,Wilson, NC,msa,NC,186415,192289,199471,227168,266685,294749
753881,456,Glenwood Springs, CO,msa,CO,1512330,1638968,1730048,2089552,2846426,2983433
395085,457,Seneca, SC,msa,SC,318694,349167,365557,442759,529266,560823
394866,458,Minot, ND,msa,ND,338823,322064,313380,330302,341973,343567
394936,459,Olean, NY,msa,NY,158128,160391,165477,186577,222835,232919
394465,460,Chillicothe, OH,msa,OH,176843,187689,202234,228923,264703,273376
395077,461,Searcy, AR,msa,AR,200812,200263,205889,228356,260632,275189
394638,462,Grand Island, NE,msa,NE,236567,247964,260614,287064,331369,347422
394994,463,Port Angeles, WA,msa,WA,429766,466295,493931,565326,674441,666475
394350,464,Auburn, NY,msa,NY,203648,209313,217150,247747,273267,294477
394699,465,Huntsville, TX,msa,TX,286143,299390,313057,349812,427647,441068
394738,466,Keene, NH,msa,NH,297030,309316,323508,377901,433992,458582
394674,467,Heber, UT,msa,UT,1169998,1285143,1361020,1691192,2258653,2217405
395010,468,Quincy, IL,msa,IL,200178,203657,210783,226467,257031,259376
395062,469,Sandusky, OH,msa,OH,220552,230391,241100,272938,307055,324043
394593,470,Findlay, OH,msa,OH,246480,254526,267337,292991,317441,331458
394614,471,Frankfort, KY,msa,KY,204537,209071,220192,252441,288250,300147
394516,472,Danville, IL,msa,IL,117533,118623,120043,127580,141471,147154
394298,473,Aberdeen, WA,msa,WA,266369,292871,318678,381323,455194,436938
394999,474,Portsmouth, OH,msa,OH,149901,158175,160900,175169,194608,204393
395106,475,Somerset, PA,msa,PA,185284,188687,197140,222672,273893,280771
753928,476,Wisconsin Rapids, WI,msa,WI,190998,203113,214237,227519,254797,266518
753893,477,Jefferson, GA,msa,GA,298429,316501,334036,378929,464828,478226
394736,478,Kapaa, HI,msa,HI,928434,997624,1021277,1142147,1380979,1472010
394955,479,Palatka, FL,msa,FL,186303,207201,224335,260104,309286,321551
394626,480,Gallup, NM,msa,NM,208463,219633,231289,248846,268475,271210
394683,481,Hobbs, NM,msa,NM,222959,240758,248483,259257,248687,243079
395088,482,Shawnee, OK,msa,OK,196870,0,194043,226042,267144,271722
394884,484,Mount Airy, NC,msa,NC,218267,231511,239596,274091,308879,310494
395132,485,Stevens Point, WI,msa,WI,264238,274974,285989,306903,344072,356293
394647,486,Greeneville, TN,msa,TN,179719,197190,214580,245858,300421,300209
394655,488,Greenwood, SC,msa,SC,179556,188761,199603,225844,260239,273747
394764,489,Lake City, FL,msa,FL,228631,234552,254581,292369,356802,373205
394752,490,Klamath Falls, OR,msa,OR,270055,288350,304468,352764,422874,430657
394877,491,Morehead City, NC,msa,NC,432883,454082,470584,551905,686014,721773
394472,492,Clearlake, CA,msa,CA,373993,396494,392524,443581,502606,471032
394305,493,Alamogordo, NM,msa,NM,219065,229037,241642,267966,313974,328729
395027,494,Roanoke Rapids, NC,msa,NC,144954,141198,143028,171870,191382,205543
394587,495,Farmington, MO,msa,MO,192081,199865,207478,238630,277361,286814
394897,496,Muskogee, OK,msa,OK,166350,168567,177352,198881,231379,240232
394826,497,Marion, IN,msa,IN,148146,155842,160846,176125,198171,205707
394586,498,Faribault, MN,msa,MN,318564,332481,348360,390203,438791,447850
395021,499,Richmond, IN,msa,IN,166277,171302,177356,199171,225614,238739
394829,500,Marquette, MI,msa,MI,217203,224299,236796,263428,304322,324367
394922,501,North Wilkesboro, NC,msa,NC,217583,226010,243776,277884,319097,343122
394885,502,Mount Pleasant, MI,msa,MI,189032,192760,202124,221394,255658,266733
395024,503,Rio Grande City, TX,msa,TX,118771,115808,119820,133705,143549,144180
394827,504,Marion, OH,msa,OH,162233,180840,188633,216110,244645,256093
394360,505,Baraboo, WI,msa,WI,293737,309650,322987,355467,390837,409523
395016,506,Red Bluff, CA,msa,CA,332065,347182,368635,416430,468035,442268
394825,507,Marinette, WI,msa,WI,155210,160137,167456,188225,220653,233008
395040,509,Roswell, NM,msa,NM,200604,206903,224338,237260,265620,263255
395092,510,Shelton, WA,msa,WA,377854,415779,442713,544695,654542,630575
394540,511,Dublin, GA,msa,GA,173891,179771,189694,210689,240797,250252
394899,512,Nacogdoches, TX,msa,TX,217426,220505,235618,255120,299419,323148
395105,513,Somerset, KY,msa,KY,169737,179053,190077,210791,246754,257753
394496,514,Coos Bay, OR,msa,OR,324991,346780,368030,424011,502230,505445
394600,515,Forest City, NC,msa,NC,218396,236076,247380,286503,348099,372507
394836,516,Martinsville, VA,msa,VA,123475,124673,130387,144636,166882,184218
395020,517,Rexburg, ID,msa,ID,337256,366518,397505,498828,646101,623170
394787,518,Lewiston, ID,msa,ID,296173,312182,330146,385402,458795,462047
394759,519,Laconia, NH,msa,NH,414135,445668,471454,567237,710061,734477
394629,520,Georgetown, SC,msa,SC,447179,466711,482500,540338,651441,708461
394343,521,Athens, OH,msa,OH,195009,207043,211948,232785,252916,260394
395063,522,Sanford, NC,msa,NC,228131,234533,251122,287305,341784,373173
394570,523,Enid, OK,msa,OK,184197,181359,181537,200977,221533,227143
394889,524,Mount Vernon, OH,msa,OH,250050,264532,277534,319712,360901,379997
395199,525,Walla Walla, WA,msa,WA,364782,390883,411616,468929,571155,580417
394309,526,Albemarle, NC,msa,NC,245645,259909,271504,319111,373186,396682
394701,527,Hutchinson, KS,msa,KS,175456,180580,179486,200595,229197,239461
394693,528,Hudson, NY,msa,NY,409653,419718,435941,532386,648203,662183
395124,529,Starkville, MS,msa,MS,272687,280009,281303,297293,332058,337719
394443,530,Carlsbad, NM,msa,NM,258588,276323,303182,333929,332593,313427
394631,531,Gillette, WY,msa,WY,362380,355063,370877,401025,427055,446919
395136,532,Sturgis, MI,msa,MI,204078,216163,227112,257756,294403,303478
395044,533,Rutland, VT,msa,VT,288269,289733,296813,340649,396841,417357
394509,534,Crossville, TN,msa,TN,242910,265959,290538,328722,414092,412701
395071,536,Sayre, PA,msa,PA,214176,218234,227545,250002,270543,272561
395049,537,Salina, KS,msa,KS,204931,210006,216827,241058,269079,282140
753903,538,Marietta, OH,msa,OH,199838,206127,215624,234082,262871,267061
394591,539,Fergus Falls, MN,msa,MN,345892,374885,386303,446720,478828,489521
394362,540,Barre, VT,msa,VT,352852,361997,376447,419060,474904,493145
394618,541,Fremont, OH,msa,OH,168944,178342,181689,206543,229767,240023
394939,542,Oneonta, NY,msa,NY,232636,240031,245525,271741,296804,310041
394490,543,Columbus, MS,msa,MS,200048,208573,215040,230531,263817,261112
394923,544,Norwalk, OH,msa,OH,178433,185308,193271,213450,240703,252626
394365,545,Batavia, NY,msa,NY,191294,197213,205821,234660,255514,265597
394336,546,Ardmore, OK,msa,OK,201176,204438,213646,237480,280340,297270
394956,547,Palestine, TX,msa,TX,208935,214124,220485,253139,302960,325431
394605,548,Fort Madison, IA,msa,IA,151743,154759,162626,182430,199317,204913
394456,549,Charleston, IL,msa,IL,147828,147991,151911,174841,192550,197290
394592,550,Fernley, NV,msa,NV,342082,367950,393286,436247,506066,476725
394444,551,Carson City, NV,msa,NV,441347,468279,490336,576183,659315,620847
394551,552,Eagle Pass, TX,msa,TX,197592,0,186853,202180,229022,233032
394432,553,Calhoun, GA,msa,GA,211708,223613,241784,277995,332211,341285
753877,554,Cullowhee, NC,msa,NC,431715,449954,452433,553195,750966,793724
394737,555,Kearney, NE,msa,NE,276893,289853,298981,325216,372498,393748
394582,556,Fairmont, WV,msa,WV,189180,191284,198699,218853,232868,244113
394940,557,Ontario, OR,msa,OR,260956,288603,318269,408491,519816,496771
394621,558,Gaffney, SC,msa,SC,156878,166410,178394,197769,228798,245471
394977,559,Picayune, MS,msa,MS,238469,223815,220811,249279,277527,288371
395131,560,Sterling, IL,msa,IL,148464,141950,155616,166265,182752,191166
394411,561,Branson, MO,msa,MO,238986,253923,261239,299670,374063,389138
394446,562,Cedar City, UT,msa,UT,331127,357832,383506,442535,549344,548727
395216,563,Waycross, GA,msa,GA,150859,159224,171108,191129,226157,238864
394951,564,Oxford, MS,msa,MS,357899,366424,367040,383037,433488,442488
394721,565,Jasper, IN,msa,IN,245134,252942,262910,287265,322438,327114
394556,566,Edwards, CO,msa,CO,1375093,1446445,1478720,1881959,2496696,2686132
394547,567,Durango, CO,msa,CO,606584,631273,648418,717911,913132,954074
394750,568,Kinston, NC,msa,NC,136319,141841,147872,168278,195593,219794
753920,569,Sonora, CA,msa,CA,424972,441710,434612,482308,562055,537204
395157,570,Tiffin, OH,msa,OH,162631,169170,177192,202050,226392,239309
394366,571,Batesville, AR,msa,AR,162290,165253,171068,183919,210097,219256
394989,572,Point Pleasant, WV,msa,OH,153131,158274,166301,187622,205502,212757
394566,573,Elko, NV,msa,NV,324106,331846,346305,373629,426492,423745
394517,574,Danville, KY,msa,KY,189768,200015,204719,237839,270740,290159
394632,575,Glasgow, KY,msa,KY,182115,193117,204643,236872,270354,279857
395122,576,St. Marys, GA,msa,GA,251349,261200,275164,312731,367861,385903
394402,577,Boone, NC,msa,NC,419515,437006,460362,545084,689038,720907
395204,578,Warrensburg, MO,msa,MO,251518,261585,273592,320520,373121,377101
394634,579,Gloversville, NY,msa,NY,210957,218958,228377,260206,290108,299610
394604,580,Fort Leonard Wood, MO,msa,MO,211872,202893,203755,224317,257484,265340
394993,581,Poplar Bluff, MO,msa,MO,182077,183020,183913,196881,222703,236632
394562,582,Elizabeth City, NC,msa,NC,243248,248051,250952,283187,318669,337967
394967,583,Payson, AZ,msa,AZ,321914,346010,364152,430133,539995,543298
394344,584,Athens, TN,msa,TN,198125,222599,246220,265769,319199,328866
394571,585,Enterprise, AL,msa,AL,227165,230183,239126,256521,284800,300920
394339,586,Ashland, OH,msa,OH,202132,211593,221876,258787,295974,313566
395073,587,Scottsboro, AL,msa,AL,200065,197550,213359,240194,256319,278680
394861,588,Milledgeville, GA,msa,GA,213499,226737,240099,282487,333327,344576
394742,589,Kerrville, TX,msa,TX,395983,418229,439737,494423,602508,621762
394363,590,Bartlesville, OK,msa,OK,186174,184587,188659,215772,256032,272448
394985,591,Platteville, WI,msa,WI,190211,202603,212397,232458,261544,271056
394503,592,Corsicana, TX,msa,TX,219181,231150,244163,281408,351441,372122
394652,593,Greenville, OH,msa,OH,200787,216763,226020,253267,284485,316959
395029,594,Rochelle, IL,msa,IL,206766,211494,215546,234363,261302,272634
394538,596,Douglas, GA,msa,GA,161019,163377,172757,190477,234169,243151
394933,597,Oil City, PA,msa,PA,141997,141918,149484,170777,191503,198069
394838,598,Mason City, IA,msa,IA,231808,255321,259299,283455,327974,335879
394717,599,Jacksonville, TX,msa,TX,234597,248657,270200,314670,379915,398172
394625,600,Galesburg, IL,msa,IL,123247,124477,123776,153159,176839,173189
394954,601,Pahrump, NV,msa,NV,252399,285157,310683,337229,423386,413790
394963,602,Paris, TX,msa,TX,213856,214754,219180,246379,302465,317341
395234,603,Winona, MN,msa,MN,248224,253686,271791,309374,353298,373371
753905,604,Newport, OR,msa,OR,411228,434901,455992,541447,684450,698993
394878,605,Morgan City, LA,msa,LA,163017,158824,161152,168700,177951,184465
395091,606,Shelbyville, TN,msa,TN,249200,281454,305225,342534,426903,430572
394326,607,Amsterdam, NY,msa,NY,180337,186750,195478,220125,246207,256330
753911,608,Ozark, AL,msa,AL,162929,168691,177726,193729,210836,223658
394316,609,Alice, TX,msa,TX,170471,175623,183779,189456,200060,201342
394628,610,Gardnerville Ranchos, NV,msa,NV,656058,723741,764650,936336,1171601,1109046
394608,611,Fort Polk South, LA,msa,LA,200853,200592,200823,209422,226183,226363
394437,612,Ca-¦on City, CO,msa,CO,298951,319534,339059,384889,455037,459312
394903,613,Natchez, MS,msa,LA,166408,169938,174648,179661,207451,207580
394906,614,New Castle, IN,msa,IN,166869,176538,187608,213791,246287,256486
394478,615,Clovis, NM,msa,NM,187975,192206,198240,208176,232104,248626
394919,616,Norfolk, NE,msa,NE,255030,267422,276443,298412,349214,376731
394431,617,Cadillac, MI,msa,MI,180838,219778,206099,226896,263903,270008
395043,618,Ruston, LA,msa,LA,288952,293233,295737,310331,329756,333800
395097,619,Sidney, OH,msa,OH,228009,241259,252226,281816,311203,327505
395008,620,Pullman, WA,msa,WA,365549,386142,402324,443118,510641,516078
394819,621,Malone, NY,msa,NY,194859,199886,206641,235437,270518,285997
394527,622,Del Rio, TX,msa,TX,193917,201768,215153,229036,264108,278708
394391,623,Blackfoot, ID,msa,ID,283706,308114,342826,419593,518927,505024
395017,624,Red Wing, MN,msa,MN,310751,329835,348125,381585,436322,447156
394918,625,Nogales, AZ,msa,AZ,255239,271949,291417,344940,399645,414968
395144,626,Tahlequah, OK,msa,OK,204857,205627,210891,246230,291362,298705
394739,627,Kendallville, IN,msa,IN,232314,247989,259462,301152,344459,359641
394876,628,Montrose, CO,msa,CO,466481,500392,514077,585465,692466,701525
394504,629,Cortland, NY,msa,NY,188169,194244,199575,221383,246076,253237
394887,630,Mount Sterling, KY,msa,KY,169187,173089,180340,203836,233230,248022
394477,631,Clinton, IA,msa,IA,180937,201687,212579,233392,260908,277847
753916,632,Sandpoint, ID,msa,ID,513230,553737,593910,763626,982562,894803
753865,633,Bardstown, KY,msa,KY,224285,233443,242403,280900,326481,346172
395201,634,Wapakoneta, OH,msa,OH,218847,225662,236489,260298,294070,307073
394987,635,Plymouth, IN,msa,IN,236030,245681,254351,292898,338839,348870
394789,636,Lewistown, PA,msa,PA,182751,189143,194706,220831,240652,256010
394379,637,Bemidji, MN,msa,MN,243719,253694,266991,292261,335772,347470
394377,638,Bellefontaine, OH,msa,OH,225192,235506,259173,299137,329891,342842
395087,639,Seymour, IN,msa,IN,210259,213707,222847,256292,287790,295605
394426,640,Burley, ID,msa,ID,260240,278590,304669,368968,447177,468300
394548,641,Durant, OK,msa,OK,210485,217979,234776,269276,320177,336438
394883,642,Moultrie, GA,msa,GA,155989,164330,173711,191456,227227,232089
394398,643,Bogalusa, LA,msa,LA,144336,149264,158347,172381,185071,182688
394500,644,Cornelia, GA,msa,GA,251589,261668,278840,326408,377276,382488
753889,645,Hillsdale, MI,msa,MI,201461,215980,229368,261172,290532,303070
395155,646,Thomasville, GA,msa,GA,223217,234889,244537,270375,316088,329068
394961,647,Paragould, AR,msa,AR,186263,190632,196988,218739,249332,260758
394650,648,Greenville, MS,msa,MS,168006,156207,157109,165391,166614,149215
394427,649,Burlington, IA,msa,IA,182137,187843,192530,208774,227356,235060
394817,650,Madisonville, KY,msa,KY,169058,170712,172710,187763,211511,219029
394850,651,Menomonie, WI,msa,WI,253228,265232,277997,313584,350787,359087
753918,652,Shawano, WI,msa,WI,212293,225166,241408,272837,309999,332631
395189,653,Vicksburg, MS,msa,MS,227726,223038,225778,241324,268786,267674
394375,654,Bedford, IN,msa,IN,185853,199233,213047,243598,280832,280259
395208,656,Washington, NC,msa,NC,252107,263009,275475,316801,362777,392700
394616,657,Freeport, IL,msa,IL,136512,144452,151935,170967,205113,217113
394667,658,Harrison, AR,msa,AR,204696,208999,213644,239587,283553,286912
395037,659,Rolla, MO,msa,MO,220927,225361,230578,259963,307798,316910
394482,660,Coldwater, MI,msa,MI,188903,0,210612,234461,272964,284077
753904,661,Marion, NC,msa,NC,259715,272552,276580,330438,366658,396084
394695,662,Huntingdon, PA,msa,PA,207968,209118,218782,250559,274989,269572
394567,663,Ellensburg, WA,msa,WA,472215,519349,540071,647138,799287,800435
394990,664,Ponca City, OK,msa,OK,138284,144742,148486,164660,189093,196425
394779,665,Lawrenceburg, TN,msa,TN,184096,202990,225172,256800,321784,312206
394842,666,McAlester, OK,msa,OK,179497,175612,184394,218807,257586,261238
394886,667,Mount Pleasant, TX,msa,TX,218263,232890,243024,276544,338413,352211
395228,668,Willmar, MN,msa,MN,264508,281149,291380,321150,363870,380660
395034,669,Rockingham, NC,msa,NC,128772,134217,140209,148366,173095,194193
394895,670,Muscatine, IA,msa,IA,210251,225821,233541,260779,286909,304735
394785,671,Lewisburg, PA,msa,PA,297803,305455,318737,349670,380182,403177
394349,672,Auburn, IN,msa,IN,230072,240167,251148,291225,324447,336707
394545,673,Duncan, OK,msa,OK,154784,155929,155962,181024,218321,234175
395081,674,Sedalia, MO,msa,MO,192977,201306,214684,240118,292530,305499
394448,675,Cedartown, GA,msa,GA,167736,184638,194794,232191,285270,300864
394677,676,Henderson, NC,msa,NC,167046,176167,185718,215530,246674,267196
394297,677,Aberdeen, SD,msa,SD,247067,258832,268695,293561,327589,343648
395032,678,Rock Springs, WY,msa,WY,301608,309577,321132,331077,355486,368469
394627,679,Garden City, KS,msa,KS,232482,240228,250895,280074,314034,330280
395129,680,Stephenville, TX,msa,TX,284287,307078,324911,364864,458666,497835
394449,681,Celina, OH,msa,OH,244943,260426,273730,307929,337121,364927
395230,682,Wilmington, OH,msa,OH,219225,229547,242100,282727,322610,339917
394424,683,Bucyrus, OH,msa,OH,131990,139144,151796,173617,194413,209112
394319,684,Alma, MI,msa,MI,143574,138393,164548,181788,204005,214382
394558,685,El Campo, TX,msa,TX,240232,249920,273059,289857,328859,336634
394891,686,Mountain Home, AR,msa,AR,212385,218533,228891,251805,307554,313234
394624,687,Gainesville, TX,msa,TX,334051,359248,380684,423848,523595,553436
395158,688,Tifton, GA,msa,GA,196539,205459,215115,237538,271872,284429
394397,689,Blytheville, AR,msa,AR,156034,154133,144425,172750,164847,154342
394845,690,McMinnville, TN,msa,TN,177761,201666,231244,254385,325232,331949
394341,691,Astoria, OR,msa,OR,472611,500705,523138,611463,758550,771714
394409,692,Bradford, PA,msa,PA,114537,112611,114443,126069,139073,142168
394574,693,Espa-¦ola, NM,msa,NM,289559,295401,293923,345734,386648,394746
394844,694,McComb, MS,msa,MS,163411,165312,165935,179610,192833,184483
753866,695,Big Stone Gap, VA,msa,VA,151619,153348,151171,169472,188288,197026
394833,696,Marshalltown, IA,msa,IA,162751,181212,191137,212994,240255,251731
394384,697,Big Rapids, MI,msa,MI,186578,195764,211916,237128,274816,285762
394354,698,Austin, MN,msa,MN,186777,202273,211594,240820,290089,298522
395082,699,Selinsgrove, PA,msa,PA,218541,210257,219479,235631,254569,263446
395219,700,West Plains, MO,msa,MO,182726,189355,191960,225526,283945,298717
394934,701,Okeechobee, FL,msa,FL,217990,237085,249730,281851,345999,360447
394690,702,Houghton, MI,msa,MI,162739,167335,189471,201018,227711,243711
394881,703,Moscow, ID,msa,ID,362196,390679,425551,481293,580808,568393
394476,704,Clewiston, FL,msa,FL,194401,211122,226627,264644,330195,353437
395026,705,Riverton, WY,msa,WY,311092,323195,334726,374018,454042,480707
394560,706,El Dorado, AR,msa,AR,173812,179666,189902,200857,220256,215398
395083,707,Selma, AL,msa,AL,124926,120361,126139,133526,142861,152810
394981,708,Pittsburg, KS,msa,KS,143464,153648,152690,182264,210441,229205
394663,709,Hannibal, MO,msa,MO,202589,213171,219966,248900,297238,306119
395203,710,Warren, PA,msa,PA,169443,166814,178520,198192,219686,213950
394315,711,Alexandria, MN,msa,MN,328188,344751,362744,401500,454322,458989
395178,712,Urbana, OH,msa,OH,198033,210313,221903,253475,289988,314823
394654,713,Greenwood, MS,msa,MS,148953,157142,164684,183595,206838,209190
394434,714,Cambridge, OH,msa,OH,152552,157873,172932,197002,218045,222209
395227,715,Williston, ND,msa,ND,342532,352757,377510,398662,408439,414443
394526,716,Defiance, OH,msa,OH,176836,184518,193417,214644,243187,255313
395099,717,Sikeston, MO,msa,MO,171297,175221,179363,193555,215792,220040
395046,718,Safford, AZ,msa,AZ,231693,243213,265739,295483,332894,339820
394715,719,Jacksonville, IL,msa,IL,152958,151058,160406,169356,180080,184955
394300,720,Ada, OK,msa,OK,199063,197948,204037,229081,277095,289645
394422,721,Brownwood, TX,msa,TX,219500,233613,243477,276691,342696,356632
394507,722,Crawfordsville, IN,msa,IN,187717,197106,211806,241113,285016,294361
394801,723,Logansport, IN,msa,IN,151467,160111,164760,190803,214358,222595
395072,724,Scottsbluff, NE,msa,NE,223158,227441,231348,256638,280500,302247
394904,725,Natchitoches, LA,msa,LA,240241,243537,241552,249450,265794,263114
394914,726,Newberry, SC,msa,SC,227790,235309,266598,312298,355846,368476
394799,727,Lock Haven, PA,msa,PA,206073,209931,214401,236879,265554,271526
394451,728,Centralia, IL,msa,IL,109367,106274,114677,137374,158404,167687
394554,729,Easton, MD,msa,MD,662524,674861,672761,783454,950501,963782
394948,730,Owatonna, MN,msa,MN,243674,255449,264527,299184,345473,356735
394888,731,Mount Vernon, IL,msa,IL,144120,135775,142881,154453,176821,184898
394771,733,Laramie, WY,msa,WY,350421,363139,389794,431016,483236,504008
394894,734,Murray, KY,msa,KY,296241,0,197579,207219,211350,219467
394617,735,Fremont, NE,msa,NE,224839,234705,242058,268048,305959,321285
394382,736,Bennington, VT,msa,VT,387164,390671,400844,459419,562292,581058
395069,738,Sault Ste. Marie, MI,msa,MI,144703,166896,185928,200577,223431,236065
394436,739,Campbellsville, KY,msa,KY,171777,170113,176970,204451,238163,254338
394550,740,Dyersburg, TN,msa,TN,172417,181393,192850,203871,238624,241825
394573,742,Escanaba, MI,msa,MI,156220,154498,173271,189476,207351,216263
394840,743,Mayfield, KY,msa,KY,170146,170059,176834,197517,226782,249468
394745,744,Kill Devil Hills, NC,msa,NC,527481,565786,566854,645049,821863,880395
395137,745,Sulphur Springs, TX,msa,TX,202649,237457,253157,297070,346027,367397
394702,746,Hutchinson, MN,msa,MN,250777,256552,270889,298450,357025,371521
394506,747,Coshocton, OH,msa,OH,157503,168132,183330,213454,242239,255246
394696,748,Huntington, IN,msa,IN,197346,203780,213105,245456,280626,295324
394522,749,DeRidder, LA,msa,LA,262134,274601,280514,261503,251724,239925
395192,750,Vincennes, IN,msa,IN,175802,180231,188749,211504,237011,238008
394370,751,Bay City, TX,msa,TX,248892,255429,252372,276966,308846,310670
394920,752,North Platte, NE,msa,NE,230924,238469,244836,256776,294752,321014
394973,753,Peru, IN,msa,IN,156578,164861,171935,197381,228340,229263
394992,754,Pontiac, IL,msa,IL,162343,167754,176130,188875,216782,228683
394781,755,Lebanon, MO,msa,MO,203205,212351,226658,253436,306093,316677
394915,756,Newport, TN,msa,TN,176325,190350,215120,234558,288830,290201
394525,757,Decatur, IN,msa,IN,233566,240884,250546,278795,316092,328838
395191,758,Vidalia, GA,msa,GA,175196,179862,188963,210592,246284,245526
394413,759,Brenham, TX,msa,TX,378355,390822,417413,474504,570172,677858
395187,760,Vernal, UT,msa,UT,262249,274502,305488,318328,379611,409848
394947,762,Ottumwa, IA,msa,IA,155358,159979,163550,181776,205912,217129
394430,764,Butte, MT,msa,MT,247598,264267,276862,315152,390820,403861
394499,765,Corinth, MS,msa,MS,185525,186383,185366,192121,227001,222126
394417,766,Brookhaven, MS,msa,MS,205491,202182,215433,226024,246830,245488
394569,767,Emporia, KS,msa,KS,176784,191562,205546,238751,267617,291206
394713,768,Jackson, WY,msa,WY,1336560,1478550,1635706,1862221,2531806,2717266
394385,770,Big Spring, TX,msa,TX,174640,192995,211041,227255,240069,236847
394557,771,Effingham, IL,msa,IL,227186,235429,241130,257187,307658,319690
394536,772,Dodge City, KS,msa,KS,151995,158348,159897,203042,229440,258700
395211,773,Watertown, SD,msa,SD,334972,339380,348602,391631,460930,477221
394331,774,Angola, IN,msa,IN,330425,351005,368001,425871,509626,508693
394535,775,Dixon, IL,msa,IL,184574,191331,188849,217183,245188,246011
394777,776,Laurinburg, NC,msa,NC,140288,143192,148217,169809,197806,222920
395149,777,Taos, NM,msa,NM,418435,428954,437601,499933,554467,580039
394419,778,Brookings, SD,msa,SD,280453,287675,293703,330981,374514,387096
394324,779,Americus, GA,msa,GA,161121,167106,174578,198979,232756,240396
394491,780,Columbus, NE,msa,NE,275047,288083,300744,333748,382349,400521
395150,781,Taylorville, IL,msa,IL,146895,146363,149594,159625,175775,183310
394335,782,Arcadia, FL,msa,FL,241842,260838,274207,308405,401297,429187
394786,783,Lewisburg, TN,msa,TN,239974,265016,288547,336635,427015,428597
395084,784,Seneca Falls, NY,msa,NY,217171,223943,232597,263496,305859,316609
394533,785,Dickinson, ND,msa,ND,347063,347006,358853,374259,395568,407660
395207,787,Washington, IN,msa,IN,225087,229236,242278,276360,314802,327956
395165,788,Troy, AL,msa,AL,201693,202623,209766,213553,242514,249332
753902,789,Malvern, AR,msa,AR,171386,172871,180187,197832,222001,229653
394613,790,Frankfort, IN,msa,IN,185848,198261,207566,230761,266905,279204
394815,791,Madison, IN,msa,IN,215859,213264,220638,254145,290238,300255
394414,792,Brevard, NC,msa,NC,399457,415376,433314,517813,637142,678591
395141,793,Susanville, CA,msa,CA,278062,284936,292851,337012,363580,347555
394835,794,Martin, TN,msa,TN,154899,171164,186590,199574,243458,248145
394984,795,Plainview, TX,msa,TX,142958,147940,155292,167403,191631,199225
753878,797,Dayton, TN,msa,TN,209664,230214,260312,288629,360767,353375
753892,798,Jackson, OH,msa,OH,152401,160488,165649,192091,215080,224866
394433,799,Cambridge, MD,msa,MD,274632,286279,293981,338905,385917,390680
394962,800,Paris, TN,msa,TN,185125,205921,222819,240083,302751,305363
394730,802,Juneau, AK,msa,AK,519300,522397,527674,556544,606543,607485
394481,803,Coffeyville, KS,msa,KS,111540,116593,114859,145721,175320,187338
394774,804,Las Vegas, NM,msa,NM,205796,210683,216297,240470,263560,275166
394383,805,Berlin, NH,msa,NH,218624,228910,240197,289450,349630,365330
394473,806,Cleveland, MS,msa,MS,223639,220189,215911,198123,219291,222791
394670,807,Hastings, NE,msa,NE,231712,247154,260115,281384,309364,318074
394376,808,Beeville, TX,msa,TX,185362,192376,203976,214683,248126,246683
394749,809,Kingsville, TX,msa,TX,182553,187812,198340,207541,232551,232631
395196,810,Wabash, IN,msa,IN,182619,187337,194327,224484,252381,264114
753871,811,Breckenridge, CO,msa,CO,1013069,1098592,1145029,1330657,1740069,1631274
394310,814,Albert Lea, MN,msa,MN,177627,188854,197839,226078,256453,276489
395093,815,Sheridan, WY,msa,WY,413827,431990,460865,518116,605041,637541
395176,816,Union City, TN,msa,TN,146696,157114,166996,178198,214189,223849
394855,817,Miami, OK,msa,OK,136520,135905,137694,169429,201526,208633
394708,818,Iron Mountain, MI,msa,MI,176873,185015,191297,204597,221422,235302
394725,819,Jesup, GA,msa,GA,183936,192812,205783,230737,273294,276318
394846,820,McPherson, KS,msa,KS,218004,241803,241001,277458,302168,321482
394751,821,Kirksville, MO,msa,MO,221602,225982,232568,266646,301103,298300
753901,822,Ludington, MI,msa,MI,231770,222332,233979,269675,329876,345984
394356,823,Bainbridge, GA,msa,GA,169960,179060,190310,212422,252462,266860
394320,824,Alpena, MI,msa,MI,143446,159108,165622,178434,205941,222242
395206,825,Washington Court House, OH,msa,OH,207663,207736,232637,264399,293957,313037
394673,826,Hays, KS,msa,KS,232415,246453,258117,291469,330161,346007
394606,827,Fort Morgan, CO,msa,CO,316801,340725,358187,411167,479987,486567
395185,828,Van Wert, OH,msa,OH,157431,168410,174746,193169,218685,234599
394740,830,Kennett, MO,msa,MO,113587,114367,113634,122385,131891,131873
753926,831,Weatherford, OK,msa,OK,203608,208906,214686,232934,254537,265543
394892,832,Mountain Home, ID,msa,ID,246590,274391,306798,387947,461364,455853
394864,833,Mineral Wells, TX,msa,TX,321203,340441,355528,422004,534390,568962
394795,834,Lincoln, IL,msa,IL,157035,161432,171358,180740,190730,196978
395100,835,Silver City, NM,msa,NM,216175,223679,229457,254262,294687,321414
753879,836,Elkins, WV,msa,WV,188380,185136,177914,196314,215885,221610
394812,838,Macomb, IL,msa,IL,130009,126879,137208,145243,154430,158599
394435,839,Camden, AR,msa,AR,123433,125051,131321,145624,158697,164242
394508,840,Crescent City, CA,msa,CA,370239,380933,405408,436729,499915,487968
394921,841,North Vernon, IN,msa,IN,192246,196796,204324,245492,282610,290178
395154,843,Thomaston, GA,msa,GA,152430,161444,175369,203967,244487,259888
394642,845,Grants, NM,msa,NM,210413,213640,217777,241560,284882,272093
394381,846,Bennettsville, SC,msa,SC,91202,93230,94305,104410,124671,134390
394615,847,Fredericksburg, TX,msa,TX,562507,581631,588490,680265,867914,876131
395159,848,Toccoa, GA,msa,GA,185874,204987,218740,260789,319431,326509
753923,849,The Dalles, OR,msa,OR,353172,380489,404286,465561,544973,536207
394649,850,Greensburg, IN,msa,IN,234094,236055,253660,297249,346771,350749
394706,851,Indianola, MS,msa,MS,143543,141207,148359,163967,169475,160256
394758,852,La Grande, OR,msa,OR,298506,309841,325113,370732,436971,438414
753909,854,Ottawa, KS,msa,KS,230507,241673,239582,303989,351696,368847
394912,855,New Ulm, MN,msa,MN,210799,215908,224942,248206,277879,295191
394791,856,Lexington, NE,msa,NE,218037,230540,237793,266083,304279,328938
394643,857,Great Bend, KS,msa,KS,138781,145297,145815,159391,178050,194327
395110,858,Spearfish, SD,msa,SD,368396,389507,404124,462434,566754,586370
395214,859,Wauchula, FL,msa,FL,209647,219931,237177,274294,339518,358258
394830,860,Marshall, MN,msa,MN,231852,237386,243680,255369,287789,304689
394529,861,Deming, NM,msa,NM,131812,144286,149121,164746,185230,193395
394854,862,Mexico, MO,msa,MO,173385,185934,199936,226209,251169,266861
394584,863,Fallon, NV,msa,NV,308744,335088,347740,402246,477821,454055
394322,864,Altus, OK,msa,OK,163542,165413,166435,184824,213036,219028
395181,865,Uvalde, TX,msa,TX,226885,225288,233838,254524,286693,299080
753884,866,Hailey, ID,msa,ID,1117712,1103045,1173682,1478143,2036226,2124398
753921,867,Steamboat Springs, CO,msa,CO,949751,1040873,1083057,1356738,1807885,1839213
395138,868,Summerville, GA,msa,GA,147905,158440,167182,197877,234467,245815
394869,869,Moberly, MO,msa,MO,182646,190890,201666,227361,263193,270496
394858,870,Middlesborough, KY,msa,KY,113830,117964,118200,127620,141485,144662
395236,871,Woodward, OK,msa,OK,194867,194470,186768,215282,229470,233520
395004,872,Prineville, OR,msa,OR,417656,453110,478463,573738,722042,713404
394687,875,Hood River, OR,msa,OR,598254,632393,648896,755901,902001,901459
394601,876,Forrest City, AR,msa,AR,116536,123289,129356,137028,151787,151955
394494,877,Connersville, IN,msa,IN,146641,153695,162266,184476,207627,219467
394868,878,Mitchell, SD,msa,SD,256983,275643,283956,309305,370265,394568
394831,879,Marshall, MO,msa,MO,170064,177215,183267,200128,190723,260242
394418,880,Brookings, OR,msa,OR,438585,473492,494417,574518,676174,669737
395241,881,Yankton, SD,msa,SD,278149,286856,295936,316897,364996,386465
395198,882,Wahpeton, ND,msa,ND,212808,222756,244107,268164,304000,326108
394818,883,Magnolia, AR,msa,AR,188861,185584,188207,202293,216826,212634
394564,884,Elk City, OK,msa,OK,198693,200329,198818,207615,228326,242831
394793,885,Liberal, KS,msa,KS,154186,157457,159770,181783,202988,214561
395239,885,Worthington, MN,msa,MN,204803,211610,223982,244099,289197,317461
394945,887,Oskaloosa, IA,msa,IA,214672,217659,225115,249836,275170,286613
394959,888,Pampa, TX,msa,TX,126199,130411,135873,142125,159819,163419
394470,889,Clarksdale, MS,msa,MS,93861,97341,98055,112971,123598,118004
395130,890,Sterling, CO,msa,CO,267187,286617,292964,336374,394838,395577
394371,891,Beatrice, NE,msa,NE,227229,236989,248625,265938,310748,337832
394718,892,Jamestown, ND,msa,ND,243239,247312,254881,272823,296623,309048
394784,893,Levelland, TX,msa,TX,184967,193303,202705,222368,241854,248068
394656,894,Grenada, MS,msa,MS,178422,185398,194948,211969,234070,236653
394837,895,Maryville, MO,msa,MO,223344,235890,233033,280127,330573,353862
394337,896,Arkadelphia, AR,msa,AR,166664,168235,174049,185484,207958,219186
394544,897,Dumas, TX,msa,TX,190800,196877,195067,209207,228446,237734
394659,898,Guymon, OK,msa,OK,169005,172917,178980,183746,216993,232169
394403,899,Borger, TX,msa,TX,130971,133837,135194,144154,162243,166261
394979,900,Pierre, SD,msa,SD,304928,316363,325188,353860,407237,428452
394700,901,Huron, SD,msa,SD,274992,279493,285806,306864,351282,369060
395135,903,Storm Lake, IA,msa,IA,214663,223602,231511,249144,277399,291540
394498,905,Cordele, GA,msa,GA,194486,199913,206552,236587,284279,292124
394578,906,Evanston, WY,msa,WY,280724,286520,298505,338269,400954,430836
395014,907,Raymondville, TX,msa,TX,114017,117819,129478,142913,166497,156538
753914,908,Port Lavaca, TX,msa,TX,234273,252005,260688,285542,325273,335286
753908,909,Othello, WA,msa,WA,249349,261899,283857,327487,377996,386698
753925,910,Vineyard Haven, MA,msa,MA,1552472,1691235,1750718,2021599,2600974,2804522
394965,911,Parsons, KS,msa,KS,109331,117841,0,151091,168988,185527
395003,912,Price, UT,msa,UT,223713,233406,249060,275947,339882,360726
394996,915,Portales, NM,msa,NM,189289,194267,196987,208415,231119,229951
394805,916,Los Alamos, NM,msa,NM,453238,483377,527868,600252,649999,656317
394678,918,Hereford, TX,msa,TX,148741,160783,180392,204618,229995,238306
394330,920,Andrews, TX,msa,TX,252435,266153,287818,311375,339450,336084
395112,922,Spirit Lake, IA,msa,IA,455958,489526,515218,564640,698047,737762
394594,923,Fitzgerald, GA,msa,GA,129829,135926,140069,158953,194611,199612
753927,924,Winnemucca, NV,msa,NV,289381,305016,314540,360934,425719,415643
394841,925,Maysville, KY,msa,KY,163455,180652,187590,215549,252608,271574
395104,926,Snyder, TX,msa,TX,167869,169646,178137,186426,207501,206371
394676,927,Helena, AR,msa,AR,101457,102627,107609,101132,106781,97200
395111,928,Spencer, IA,msa,IA,216101,218833,226349,248090,279012,287927
394342,929,Atchison, KS,msa,KS,169258,184784,179855,229053,267727,301547
753880,930,Fairfield, IA,msa,IA,229475,229234,231118,255951,280441,289099
395186,932,Vermillion, SD,msa,SD,262128,279671,283032,314336,352583,375355
395142,933,Sweetwater, TX,msa,TX,134179,142558,146448,156350,178139,184578
394968,934,Pecos, TX,msa,TX,211197,231475,249444,270820,230141,189770
753929,935,Zapata, TX,msa,TX,158239,157141,164499,173431,186827,193405
394743,936,Ketchikan, AK,msa,AK,434775,462425,493206,526160,549980,556073
753874,937,Craig, CO,msa,CO,261847,271615,288996,320362,372575,396149
395188,938,Vernon, TX,msa,TX,109351,113756,118973,132358,154891,161931
394767,939,Lamesa, TX,msa,TX,111700,116061,123963,144856,155122,157993
